,paris,réussite,cote moy.,ROI,CLV,bénéfice (1€/pari),saisons gagnantes,pire série (€),z
Bundesliga,911,0.32711306256860595,3.2209989023051593,-0.094774972557629,-0.004793203029957497,-86.34000000000002,1/5,-132.64000000000001,-1.987765469904518
Championship,1541,0.3536664503569111,3.2048020765736536,-0.010395846852693059,-0.01652963536307309,-16.020000000000003,3/5,-70.47999999999999,-0.27500111927539456
Eredivisie,807,0.31722428748451054,3.532503097893433,-0.01830235439900867,-0.009987502723714821,-14.769999999999996,2/5,-44.10000000000001,-0.32622073107090566
La Liga,1332,0.3213213213213213,3.312094594594594,-0.10226726726726727,-0.007894598892468798,-136.22,0/5,-160.52000000000004,-2.561704597860906
Liga Portugal,716,0.308659217877095,3.3453351955307267,-0.1373463687150838,-0.019095225675281862,-98.34,1/5,-109.27999999999997,-2.575261683556643
Ligue 1,1265,0.3264822134387352,3.3744268774703556,-0.052972332015810294,-0.009730833218008663,-67.01000000000002,1/5,-121.03999999999998,-1.2460687580182532
Ligue 2,854,0.32786885245901637,3.322693208430913,-0.07252927400468384,-0.016709176899089358,-61.94,1/5,-74.82000000000004,-1.4575851598996883
Premier League,1332,0.32957957957957956,3.3852402402402406,-0.03554804804804806,-0.003201027467492116,-47.35000000000001,2/5,-111.20999999999997,-0.8473916927584934
Serie A,1216,0.3207236842105263,3.43344572368421,-0.07809210526315791,-0.006009238915287944,-94.96000000000001,1/5,-107.29999999999993,-1.814918716326759
