poids modèle,value min,cotes,paris,réussite,cote moy.,ROI,CLV,bénéfice (1€/pari),saisons gagnantes,pire série (€),z
0.0,0.0,max,11740,0.2870528109028961,3.8197998296422484,-0.020754684838160137,0.0039845768516237855,-243.66,0/5,-362.8400000000001,-1.3540966448072216
0.0,0.0,b365,1205,0.23817427385892115,4.476838174273859,0.003070539419087151,-0.016384492859580987,3.700000000000017,3/5,-54.790000000000006,0.05760348769653862
0.0,0.02,max,3616,0.2411504424778761,4.42920907079646,-0.023559181415929203,0.014009954901293137,-85.19,1/5,-185.98000000000002,-0.7777085435736492
0.0,0.02,b365,385,0.23896103896103896,4.808155844155844,0.11135064935064934,0.000496384444003933,42.87,3/5,-22.099999999999994,1.0750897930963248
0.0,0.03,max,1878,0.22790202342917998,4.604211927582534,-0.03633652822151226,0.02132991749955648,-68.24000000000002,1/5,-97.37,-0.8450947516198977
0.0,0.03,b365,231,0.23809523809523808,4.918571428571429,0.1428138528138528,0.00760486022499691,32.99,4/5,-19.1,1.0352424130851312
0.0,0.05,max,494,0.24493927125506074,4.793299595141701,0.06336032388663966,0.04574084349212328,31.29999999999999,4/5,-31.55,0.7134847661043774
0.0,0.05,b365,67,0.2537313432835821,5.006716417910448,0.27761194029850744,0.02778579248250279,18.599999999999998,4/5,-10.1,1.0026291983500077
0.0,0.08,max,77,0.3246753246753247,4.613636363636363,0.2716883116883117,0.12098054862465873,20.92,3/5,-11.16,1.203505609876918
0.0,0.08,b365,9,0.2222222222222222,5.044444444444444,0.2777777777777778,0.09927822951056708,2.5,2/5,-3.0,0.32826608214930647
0.0,0.12,max,15,0.4,3.854,0.4253333333333334,0.26682479862635644,6.380000000000001,2/5,-4.0,0.8602669585056999
0.0,0.12,b365,1,0.0,4.75,-1.0,-0.057454545454545314,-1.0,0/1,0.0,
0.15,0.0,max,16953,0.3453666017813956,3.2703084999705068,-0.026321594997935467,-0.006692612657374546,-446.22999999999996,0/5,-523.6899999999999,-2.298794813341992
0.15,0.0,b365,3379,0.2808523231725363,3.776569991121634,-0.07115418762947617,-0.03504852122965168,-240.43,1/5,-329.5600000000002,-2.5526988603842877
0.15,0.02,max,7541,0.2904124121469301,3.7752168147460554,-0.04007426070812889,-0.0036879685239618086,-302.19999999999993,0/5,-392.7699999999998,-2.1257444201178943
0.15,0.02,b365,1317,0.22854973424449507,4.311609719058466,-0.09133637053910401,-0.02897382821440563,-120.28999999999999,2/5,-200.27999999999997,-1.8837033835448909
0.15,0.03,max,4879,0.2578397212543554,4.0206825169092015,-0.08283459725353558,-0.002110730733945345,-404.1500000000001,0/5,-442.2799999999998,-3.45122495081579
0.15,0.03,b365,863,0.21205098493626884,4.499084588644264,-0.11049826187717264,-0.025087865879850648,-95.35999999999999,1/5,-148.47000000000003,-1.8129232744969281
0.15,0.05,max,2089,0.22642412637625658,4.425208233604596,-0.08262326471996172,0.0033653029142124216,-172.60000000000002,0/5,-187.10000000000002,-2.112703291900729
0.15,0.05,b365,364,0.22527472527472528,4.713818681318681,0.01233516483516483,-0.01946405403691665,4.489999999999998,2/5,-33.7,0.12174532662559874
0.15,0.08,max,599,0.21035058430717862,4.752270450751252,-0.0486644407345576,0.019415391397277666,-29.150000000000002,1/5,-50.56999999999999,-0.6245986968188891
0.15,0.08,b365,98,0.22448979591836735,5.025612244897959,0.09163265306122449,0.014315061644345367,8.98,4/5,-15.45,0.43868370028529113
0.15,0.12,max,93,0.23655913978494625,4.700645161290322,0.03193548387096775,0.09155889506653873,2.9700000000000006,4/5,-15.57,0.15859840649729073
0.15,0.12,b365,18,0.16666666666666666,5.111111111111111,-0.16666666666666666,0.04151336679741646,-3.0,1/4,-7.0,-0.3684135487657473
0.3,0.0,max,20718,0.37339511535862535,2.999619654406796,-0.04155227338546192,-0.010950360258114258,-860.88,0/5,-895.2499999999997,-4.301846737343002
0.3,0.0,b365,7878,0.3387915714648388,3.153148007108403,-0.09020690530591521,-0.0456708733384074,-710.6500000000001,0/5,-741.6999999999995,-5.632248157841465
0.3,0.02,max,13005,0.34263744713571703,3.2238062283737023,-0.053017301038062285,-0.010450204588506727,-689.49,0/5,-742.4499999999999,-4.133034239047954
0.3,0.02,b365,4333,0.3129471497807524,3.4437525963535656,-0.07614124163397183,-0.04600767859721004,-329.91999999999996,1/5,-415.03,-3.2986711513626203
0.3,0.03,max,9974,0.3278524162823341,3.340793061961099,-0.06245738921195108,-0.01004979168451854,-622.95,0/5,-675.7399999999988,-4.183776348074405
0.3,0.03,b365,3239,0.28959555418338995,3.61676443346712,-0.098959555418339,-0.04595687283129533,-320.53000000000003,0/5,-399.12999999999994,-3.6200955747264016
0.3,0.05,max,5689,0.29759184390929866,3.623506767445948,-0.06709790824397961,-0.009352910487272121,-381.72,0/5,-419.6400000000001,-3.2157109840477043
0.3,0.05,b365,1774,0.2649379932356257,3.9341657271702366,-0.09041149943630214,-0.04607282407831922,-160.39,1/5,-209.82000000000014,-2.3115734490641073
0.3,0.08,max,2499,0.26330532212885155,4.017883153261304,-0.06184873949579832,-0.005069969976035633,-154.56,1/5,-180.80999999999992,-1.829324514790998
0.3,0.08,b365,740,0.22297297297297297,4.318324324324324,-0.10047297297297296,-0.037014377703450646,-74.35,0/5,-115.56000000000003,-1.5459526975283344
0.3,0.12,max,883,0.217440543601359,4.39563986409966,-0.12276330690826728,0.002294628335718234,-108.4,0/5,-130.35999999999999,-2.0875301573294083
0.3,0.12,b365,254,0.18503937007874016,4.523740157480314,-0.216259842519685,-0.01616090213549495,-54.92999999999999,0/5,-62.960000000000015,-2.0241095411840715
0.5,0.0,max,22960,0.3895034843205575,2.876227787456446,-0.04116594076655052,-0.012642568854155186,-945.1700000000001,0/5,-969.7899999999998,-4.629463856663285
0.5,0.0,b365,12907,0.37103897110095296,2.8852986751375225,-0.08685287053536839,-0.04999996374239397,-1121.0099999999998,0/5,-1133.6099999999963,-7.402177648401482
0.5,0.02,max,17341,0.373738538723257,2.9764823251254255,-0.04735828383599562,-0.012951585114284885,-821.24,0/5,-859.9500000000012,-4.5143780915816984
0.5,0.02,b365,9006,0.3507661558960693,3.02444037308461,-0.09892516100377527,-0.05053156692883895,-890.9200000000001,0/5,-916.9699999999982,-6.853474378296249
0.5,0.03,max,14862,0.36401561028125423,3.037253397927601,-0.05390593459830441,-0.012671985961088152,-801.1500000000001,0/5,-833.7800000000012,-4.696044473059915
0.5,0.03,b365,7394,0.33905869624019475,3.1094684879632135,-0.10595753313497432,-0.050596781114776494,-783.45,0/5,-805.809999999999,-6.53716757754814
0.5,0.05,max,10599,0.3472025662798377,3.161986979903764,-0.05890650061326542,-0.01284900503405154,-624.3500000000001,0/5,-681.0500000000004,-4.217546744998786
0.5,0.05,b365,5022,0.32437275985663083,3.282043010752688,-0.0889884508164078,-0.05099068573464681,-446.9,1/5,-491.06,-4.305839193822882
0.5,0.08,max,6135,0.3160554197229014,3.4172762836185817,-0.06830317848410758,-0.011353625787645372,-419.03999999999996,0/5,-444.27999999999963,-3.5335359233158474
0.5,0.08,b365,2847,0.2943449244819108,3.586252195293291,-0.08968739023533544,-0.05195701211029097,-255.34,0/5,-305.01000000000005,-3.0744857958297467
0.5,0.12,max,2980,0.2906040268456376,3.754543624161074,-0.04520134228187919,-0.008292422171675348,-134.7,1/5,-171.32000000000002,-1.519345193818797
0.5,0.12,b365,1325,0.2528301886792453,3.9606943396226417,-0.1106943396226415,-0.05167943548141282,-146.67,1/5,-193.72000000000003,-2.4397793694343104
0.7,0.0,max,24031,0.3952810952519662,2.8230231783945734,-0.04421205942324498,-0.013514811851966851,-1062.46,0/5,-1085.7399999999996,-5.161617384846129
0.7,0.0,b365,16106,0.3847634421954551,2.7833658264000993,-0.08741028188252827,-0.05222033927566064,-1407.8300000000002,0/5,-1429.7499999999902,-8.577573955397538
0.7,0.02,max,19733,0.3860538184766635,2.878864845689961,-0.048475649926519024,-0.013992672448598913,-956.5699999999999,0/5,-982.9499999999987,-5.061541828302892
0.7,0.02,b365,12630,0.37062549485352336,2.8678796516231198,-0.0971797307996833,-0.05282245225055269,-1227.38,0/5,-1238.7499999999948,-8.287285433062099
0.7,0.03,max,17685,0.38071812270285554,2.9122307039864292,-0.05048402601074358,-0.013743971815388238,-892.8100000000002,0/5,-932.3000000000006,-4.946205603192065
0.7,0.03,b365,11082,0.3610359140949287,2.9192555495397943,-0.10512903807976899,-0.05273508404661106,-1165.04,0/5,-1188.3599999999956,-8.302930051810433
0.7,0.05,max,14078,0.3676658616280722,2.987280863759057,-0.059523369796846144,-0.014223895709039524,-837.97,0/5,-872.090000000001,-5.121466767640873
0.7,0.05,b365,8496,0.3485169491525424,3.0226118173258003,-0.10574623352165725,-0.05311436741750515,-898.4200000000001,0/5,-913.6199999999982,-7.1344411435765505
0.7,0.08,max,9688,0.34867877786952933,3.1345035094962843,-0.06637386457473163,-0.013806950982256122,-643.03,0/5,-675.6700000000004,-4.5994804825735995
0.7,0.08,b365,5561,0.32907750404603486,3.2057903254810287,-0.10138823952526523,-0.05330026092377281,-563.8199999999999,0/5,-584.3399999999998,-5.281544109927905
0.7,0.12,max,5662,0.3223242670434475,3.377029318262098,-0.05917520310844226,-0.012325592387125264,-335.05000000000007,0/5,-354.01999999999964,-2.9488694715840116
0.7,0.12,b365,3187,0.3084405396925008,3.4797207405083155,-0.07860056479447756,-0.05470908619968822,-250.5,0/5,-306.99000000000007,-2.9025625434649323
1.0,0.0,max,24883,0.40027327894546477,2.7801872764538036,-0.04667282883896637,-0.013921781195553958,-1161.3600000000001,0/5,-1187.6999999999998,-5.620873092467541
1.0,0.0,b365,18974,0.39385474860335196,2.721356066195847,-0.08639243174870877,-0.05356640936729428,-1639.21,0/5,-1655.2899999999895,-9.368108615790549
1.0,0.02,max,21664,0.3951255539143279,2.810484675036928,-0.0490029542097489,-0.014409146767549825,-1061.6000000000001,0/5,-1090.5099999999984,-5.4656505335754435
1.0,0.02,b365,16088,0.3846966683242168,2.7698334162108407,-0.09316757831924415,-0.05403460708269702,-1498.8799999999999,0/5,-1518.9599999999896,-9.195562840517182
1.0,0.03,max,20179,0.3914961098171366,2.828667426532534,-0.04984141929728927,-0.014555592364004772,-1005.7500000000001,0/5,-1035.3799999999987,-5.3303169188950985
1.0,0.03,b365,14836,0.3806282016716096,2.7891716095982746,-0.09716298193583175,-0.054074241670003916,-1441.51,0/5,-1468.0399999999906,-9.180331208660384
1.0,0.05,max,17323,0.38555677423079143,2.8701772210356173,-0.050036945101887664,-0.014734290428819933,-866.79,0/5,-903.5600000000002,-4.89993427446719
1.0,0.05,b365,12443,0.37169492887567307,2.853969300008037,-0.0999726753998232,-0.05460860883410731,-1243.96,0/5,-1260.399999999996,-8.514099022854786
1.0,0.08,max,13598,0.36880423591704664,2.956545080158847,-0.06601853213707898,-0.0147854545585595,-897.72,0/5,-934.2000000000012,-5.640317748825061
1.0,0.08,b365,9422,0.35682445340692,2.9619252812566335,-0.10273508809170027,-0.054892440971226475,-967.97,0/5,-990.7999999999972,-7.395946145455067
1.0,0.12,max,9547,0.35414266261652877,3.091576411438148,-0.06112810306902691,-0.014395801140532035,-583.5899999999999,0/5,-616.4300000000006,-4.229241574949334
1.0,0.12,b365,6353,0.334959861482764,3.1348843066267906,-0.10465764205886982,-0.05546209909356871,-664.89,0/5,-673.3399999999996,-5.927439573068326
